filename,FunctionCallCount,ReferencesCount,PointerCount,ArraysCount,TypedefCount,FunctionCount
29618584_63999953.xml,5,0,0,2,22,1
29579543_64002824.xml,8,2,0,2,1,4
29605117_64004827.xml,4,0,0,1,6,1
29571979_64025086.xml,6,0,0,6,1,4
29609021_64003066.xml,6,0,0,0,0,3
29600648_64007349.xml,8,4,0,0,0,1
29602260_64012835.xml,5,0,0,2,2,3
29590787_64006058.xml,8,0,0,1,0,1
29578555_64008154.xml,6,0,0,2,0,4
29615915_64012146.xml,4,0,0,2,1,1
29615723_64016495.xml,10,0,0,3,1,4
29617445_64012247.xml,150,37,0,0,70,69
29580215_64010730.xml,2,0,0,1,0,1
29618687_64004580.xml,3,0,0,0,0,1
29566873_64003520.xml,23,12,0,0,19,9
29571080_64003094.xml,9,4,0,1,0,6
29614036_64013603.xml,2,0,0,1,0,1
29564844_64018643.xml,1,0,0,0,0,1
29578357_64019327.xml,6,0,0,0,0,1
29618299_64010720.xml,3,0,0,2,0,1
29616223_64013254.xml,16,1,0,1,14,4
29619049_64022731.xml,4,0,0,2,0,1
29618217_64005892.xml,3,0,0,4,0,1
29598321_64012002.xml,3,0,0,2,2,1
29600193_64013248.xml,2,0,0,1,1,3
29570599_64014984.xml,5,0,0,1,1,1
29570297_64006254.xml,6,0,0,2,0,2
29564516_64007471.xml,3,0,0,2,0,1
29585675_64002757.xml,3,0,0,1,0,1
29567518_64019077.xml,8,0,0,3,0,1
29596434_64008163.xml,170,106,7,10,9,48
29564846_64014328.xml,4,12,0,2,5,7
29618328_64008071.xml,11,0,0,2,2,3
29617441_64005478.xml,4,2,0,1,0,2
29583065_64008978.xml,4,0,0,1,0,1
29615668_64014806.xml,4,0,0,2,0,1
29618933_64013288.xml,3,0,0,2,0,1
29616954_64014429.xml,3,0,0,0,0,1
29609825_64002990.xml,5,0,0,2,0,1
29591970_64020446.xml,1,0,0,1,0,1
29579054_64012888.xml,4,0,0,2,0,1
29566635_64006920.xml,4,0,0,2,0,1
29617370_64015124.xml,2,0,0,1,2,1
29597630_64006018.xml,5,0,0,2,0,2
29576870_64000268.xml,7,0,0,1,0,2
29571626_64008560.xml,7,0,0,1,0,2
29582598_64010335.xml,4,0,0,1,0,1
29618667_64011667.xml,2,4,0,1,3,6
29586926_64019646.xml,12,0,0,0,0,1
29600558_64016573.xml,4,0,0,2,0,3
29615733_64013253.xml,5,0,0,1,0,1
29615407_64000297.xml,23,1,1,0,0,10
29617814_64004128.xml,4,1,0,6,0,1
29591291_64004733.xml,6,0,0,1,1,1
29564404_64007918.xml,11,3,0,0,0,8
29599738_64016823.xml,9,0,0,2,0,4
29589368_64017847.xml,10,2,0,2,8,3
29588769_64008019.xml,4,0,0,1,1,1
29618023_64004270.xml,8,0,0,1,8,3
29581207_64004085.xml,5,0,0,0,0,1
29596672_64007755.xml,4,0,0,1,0,1
29566044_64014501.xml,8,0,0,2,2,1
29617419_64003913.xml,2,0,0,0,0,1
29620268_64003106.xml,9,0,0,3,2,3
29610441_64011594.xml,1,0,0,3,1,1
29614511_64005742.xml,7,0,0,3,9,4
29615574_64017291.xml,3,0,0,2,0,1
29615482_64018485.xml,11,0,0,2,2,1
29597422_64007808.xml,6,0,0,2,0,2
29589148_64001455.xml,5,0,0,1,0,1
29572787_64014208.xml,2,0,0,1,1,1
29618634_64010805.xml,4,0,0,2,1,1
29606601_64006885.xml,3,0,0,1,1,1
29615376_64014747.xml,4,0,0,1,0,2
29618247_64006171.xml,5,0,0,2,0,2
29614143_64008213.xml,3,0,0,2,1,1
29616600_64004629.xml,6,0,0,2,1,2
29616065_64017253.xml,4,0,0,1,2,3
29606208_64000829.xml,10,6,0,0,0,8
29574756_64008195.xml,5,0,0,2,8,1
29574187_64011262.xml,2,0,0,2,1,1
29618484_64003725.xml,8,0,0,0,0,1
29611089_64001023.xml,9,0,0,0,2,2
29618887_64011188.xml,12,1,0,1,0,4
29612888_64005414.xml,3,0,0,2,1,1
29580509_64000439.xml,58,36,4,3,2,1
29602023_64001574.xml,11,1,0,1,0,3
29612805_64023369.xml,9,0,0,1,0,3
29617233_63999333.xml,10,0,0,0,6,6
29612950_64020937.xml,5,0,0,1,1,2
29618435_64013955.xml,4,0,0,1,0,1
29618052_64011244.xml,3,0,0,1,0,1
29600646_64009650.xml,4,0,0,1,0,1
29580307_64007458.xml,13,2,0,0,15,2
29610531_64002847.xml,23,23,0,2,0,19
29600484_64019693.xml,5,0,0,1,4,1
29571534_64005030.xml,7,1,0,2,0,3
29619867_64015717.xml,7,0,0,2,0,3
29578867_64010398.xml,2,0,0,1,0,1
29619220_64010153.xml,3,0,0,0,0,1
29600999_64005274.xml,8,4,4,1,2,5
29607607_64008940.xml,7,0,0,0,0,2
29567601_64007472.xml,5,0,0,2,1,1
29580467_64017051.xml,12,0,0,1,0,3
29597305_64005192.xml,4,0,0,3,0,1
29579881_64027652.xml,6,0,0,1,0,1
29615778_64007867.xml,17,0,2,1,3,4
29613149_64016305.xml,9,0,0,3,0,3
29562815_64002499.xml,9,0,0,2,1,2
29610407_64001555.xml,13,2,0,2,0,15
29613416_64014921.xml,3,0,0,2,0,1
29597072_64005453.xml,21,16,0,2,3,4
29617137_64013928.xml,3,0,0,2,1,1
29610697_64011795.xml,3,0,0,2,0,1
29618152_64013697.xml,4,0,0,1,0,1
29618411_64007467.xml,7,0,0,2,0,2
29619246_64004261.xml,14,0,0,2,0,4
29596794_64011419.xml,22,1,0,1,7,10
29616930_63999489.xml,6,2,0,1,0,4
29604535_64009322.xml,4,0,0,1,0,1
29608268_64003025.xml,3,0,0,2,0,1
29617991_64009256.xml,4,0,0,0,13,1
29610926_64012035.xml,4,0,0,2,0,1
29616236_64027874.xml,1,0,0,1,0,1
29602675_64001542.xml,9,1,0,2,0,2
29612355_64002696.xml,7,0,0,1,0,1
29596673_64015782.xml,9,0,0,0,1,3
29573328_64032941.xml,3,0,0,1,0,1
29609328_64011284.xml,2,0,0,0,0,1
29610472_64009112.xml,4,0,0,2,0,1
29618946_64008061.xml,3,0,0,2,11,1
29620016_64009543.xml,6,0,0,1,2,3
29582249_64010962.xml,4,0,1,2,0,2
29617253_64007859.xml,4,0,0,2,0,1
29599503_64015321.xml,10,0,0,1,0,3
29617673_64007576.xml,4,0,0,2,1,1
29611858_64020853.xml,9,0,0,4,0,4
29617187_64024864.xml,5,0,0,2,0,1
29563251_64008150.xml,17,0,0,1,0,7
29610033_64019951.xml,3,0,0,2,0,1
29618591_64008472.xml,2,0,0,1,0,1
29595814_64002314.xml,20,0,4,2,3,10
29609793_64006009.xml,9,0,0,0,0,1
29616692_64014095.xml,6,0,0,0,3,1
29566593_64011652.xml,3,0,0,1,0,3
29585428_64002428.xml,8,1,0,2,1,2
29618508_64010580.xml,6,0,0,1,0,1
29574782_64003681.xml,8,0,0,6,0,6
29614280_64019255.xml,6,0,0,1,4,2
29614498_63999164.xml,4,0,0,2,0,1
29615808_64017478.xml,16,1,2,1,12,6
29579286_64009283.xml,94,5,0,0,0,10
29597301_64008134.xml,3,0,0,1,0,1
29618939_64020958.xml,5,0,0,2,2,1
29605643_64027227.xml,4,0,0,3,0,1
29612365_64011017.xml,4,0,0,2,0,1
29594919_63999463.xml,4,0,0,1,3,1
29610347_64009330.xml,2,0,0,1,1,1
29571505_64006728.xml,20,0,0,2,17,6
29615055_64001307.xml,8,0,0,1,2,3
29573217_64010395.xml,4,0,0,1,0,1
29613520_64016476.xml,5,0,0,1,7,1
29617362_64020775.xml,8,1,0,2,0,2
29564890_64004616.xml,3,0,0,2,0,1
29563340_64009336.xml,4,0,0,1,1,1
29564446_64005450.xml,3,0,0,1,0,1
29613432_64014516.xml,6,0,1,2,3,2
29614569_64022034.xml,1,0,0,0,0,1
29568272_64028766.xml,9,1,2,2,7,7
29607648_64006726.xml,2,0,0,2,0,1
29614627_64014011.xml,4,0,0,1,1,1
29619786_64008534.xml,2,0,0,1,0,1
29597395_64017732.xml,1,0,0,2,0,1
29616043_64012527.xml,1,0,0,1,6,1
29568371_64013852.xml,7,0,0,1,0,3
29612291_64006519.xml,5,0,0,1,0,2
29572664_64001084.xml,3,0,0,2,4,1
29605865_64001411.xml,2,0,0,1,0,1
29607816_64013213.xml,6,1,0,2,4,2
29619906_64011580.xml,4,0,0,0,1,1
29563915_64005435.xml,17,1,0,1,0,2
29595864_64005865.xml,3,0,0,0,0,1
29564040_64011737.xml,1,0,0,1,2,1
29614606_64010682.xml,7,0,0,3,3,4
29569100_64000379.xml,9,0,0,1,0,2
29607516_64003931.xml,5,0,0,2,0,1
29615917_64008458.xml,7,0,0,1,0,3
29614956_64028489.xml,3,0,0,2,1,1
29617008_64010042.xml,4,0,0,2,0,1
29600732_64005064.xml,4,0,0,2,1,1
29619976_64015906.xml,1,0,0,1,7,1
29592934_64016037.xml,8,0,0,1,0,1
29619376_64008111.xml,2,0,0,2,0,1
29617283_64009545.xml,3,0,0,2,0,1
29599917_64008665.xml,3,0,0,1,0,1
29614404_64008311.xml,1,0,0,1,3,1
29619993_64015166.xml,5,0,0,0,1,1
29618480_64016124.xml,1,0,0,0,0,0
29618205_64011564.xml,1,0,0,1,0,1
29582512_64023120.xml,3,0,0,2,0,1
29571966_64000310.xml,4,0,0,0,0,2
29618249_64008861.xml,8,0,0,2,0,3
29619411_64011064.xml,3,0,0,1,0,1
29582528_63999415.xml,6,0,0,1,1,1
29605026_64007055.xml,6,0,0,0,25,6
29608822_64010258.xml,11,1,0,2,1,6
29568734_64022015.xml,2,0,0,1,0,1
29618270_64008764.xml,5,0,0,0,0,1
29593943_64018085.xml,6,0,0,0,13,1
29585806_64011057.xml,7,3,0,2,0,4
29617566_64012913.xml,5,0,0,0,0,3
29605811_63997714.xml,1,0,0,0,0,1
29579855_64011004.xml,110,16,0,2,2,28
29581018_64007827.xml,1,0,0,1,0,1
29615217_64006761.xml,2,0,0,1,0,1
29566437_64016236.xml,6,0,0,1,3,2
29618560_64007089.xml,8,0,0,0,0,2
29617083_64013546.xml,5,0,0,0,0,1
29616393_64009305.xml,3,0,0,1,0,1
29570436_64000493.xml,8,0,0,2,3,2
29609453_64003961.xml,2,0,0,2,10,1
29582524_64010067.xml,6,0,0,1,0,2
29598028_64020278.xml,1,0,0,1,0,1
29578871_64006913.xml,1,0,1,2,0,1
29612773_64012039.xml,6,0,0,3,0,2
29618570_64010985.xml,9,0,0,2,13,4
29568571_64003573.xml,27,19,0,2,0,2
29608815_64007418.xml,4,0,0,1,0,1
29599992_64006507.xml,10,0,0,1,0,1
29563414_64001865.xml,1,0,0,1,0,1
29597762_64008682.xml,3,0,0,2,0,1
29608352_64015863.xml,14,0,0,1,0,6
29598063_64008479.xml,4,0,0,2,0,1
29609969_64017752.xml,3,0,0,0,1,1
29592771_64007168.xml,1,0,0,1,0,1
29619039_64010041.xml,7,0,0,2,0,2
29617553_64005543.xml,9,1,0,2,0,5
29612596_64009539.xml,7,1,0,2,0,2
29620282_64012718.xml,5,0,0,2,1,1
29567635_64030932.xml,0,0,0,0,0,1
29618259_64009928.xml,162,40,0,1,10,26
29618610_64002319.xml,5,0,0,1,9,2
29608250_64004178.xml,4,0,0,2,1,2
29616840_64014298.xml,4,0,0,0,1,2
29575694_64006865.xml,3,0,0,0,0,1
29576605_64013247.xml,10,1,0,2,1,3
29615818_64012542.xml,17,2,0,1,11,8
29608967_64002786.xml,4,0,0,2,0,1
29578795_63998686.xml,4,0,0,1,1,1
29607870_64009369.xml,5,0,0,1,1,2
29616051_64011935.xml,106,34,1,2,53,55
29620233_64009141.xml,3,0,0,1,0,1
29620042_64000510.xml,5,0,0,3,0,1
29579555_64005846.xml,2,0,0,0,0,2
29597462_64003818.xml,5,0,0,1,0,1
29603519_64010903.xml,4,0,0,3,0,1
29619822_64004304.xml,6,0,0,2,1,1
29569718_64007809.xml,93,13,3,1,0,9
29612308_64007669.xml,7,0,0,4,0,3
29567070_64022286.xml,7,0,0,1,1,1
29580342_64002759.xml,2,0,0,1,0,2
29579574_64006748.xml,1,0,0,1,0,1
29565060_64002971.xml,7,1,0,1,6,5
29608101_64010953.xml,2,0,0,2,0,1
29586270_64004186.xml,10,0,0,1,13,2
29575011_64008144.xml,8,0,0,1,6,2
29619418_64011535.xml,3,0,0,2,0,1
29575936_64007641.xml,5,9,0,0,0,8
29617371_64009192.xml,6,0,0,2,0,4
29616045_64007200.xml,7,0,0,1,0,3
29604503_64017973.xml,4,0,0,1,0,1
29610859_64007636.xml,4,0,0,2,15,1
29596816_64007083.xml,7,1,0,2,0,2
29573352_64022572.xml,5,0,0,1,1,1
29607930_64020661.xml,15,3,1,2,6,21
29616588_64014039.xml,5,0,0,2,0,2
29611182_64011221.xml,10,0,0,2,1,2
29570136_64018383.xml,4,0,0,3,1,1
29599084_64013449.xml,11,0,0,3,11,5
29606602_64008357.xml,2,0,0,2,0,1
29581196_64004949.xml,7,0,0,1,3,3
29608392_64008860.xml,4,0,0,2,1,1
29579307_64010916.xml,1,0,0,0,0,1
29619327_64016785.xml,6,6,0,0,0,0
29615599_64007619.xml,7,0,0,2,0,4
29618124_64010499.xml,7,0,0,0,4,1
29617293_64005512.xml,7,0,0,1,0,1
29609198_64015276.xml,3,0,0,1,1,1
29587215_64002387.xml,8,0,1,2,0,3
29619016_64018125.xml,4,0,0,1,0,2
29571764_64016899.xml,206,7,5,4,4,59
29579646_64019164.xml,3,0,0,1,1,2
29615074_64006577.xml,2,0,0,2,3,1
29590808_64014599.xml,5,1,0,0,0,0
29582936_64013621.xml,8,8,0,1,3,7
29596834_64012271.xml,11,0,0,2,1,3
29570384_64024242.xml,4,0,0,1,4,3
29615374_64007384.xml,12,0,0,10,3,9
29606653_64006158.xml,4,0,0,3,0,1
29619356_63999487.xml,1,0,0,2,1,1
29602800_64012227.xml,5,0,0,2,0,2
29618883_64004511.xml,13,1,0,1,0,2
29616526_64006782.xml,17,3,0,3,3,5
29596001_64022385.xml,7,0,0,1,0,2
29590017_64006273.xml,7,0,0,1,12,4
29609348_64010479.xml,8,0,0,2,0,3
29617714_64017527.xml,1,0,0,1,0,1
29615768_64012194.xml,6,0,0,1,0,1
29597492_64009422.xml,8,1,0,0,3,2
29581345_64004944.xml,8,0,0,0,4,3
29580723_64002910.xml,7,1,0,1,3,2
29582098_64012296.xml,4,0,0,1,4,6
29577438_64021447.xml,13,0,0,1,0,4
29572778_64014336.xml,10,0,0,1,0,2
29588212_64007029.xml,6,0,0,2,0,2
29613955_64012769.xml,16,4,8,1,0,7
29618960_64003177.xml,9,0,0,2,0,2
29618310_64019825.xml,47,8,0,5,28,17
29618289_64012158.xml,4,0,0,2,0,1
29617656_64022805.xml,15,1,0,0,3,3
29604479_64026512.xml,4,0,0,2,0,1
29565503_64005908.xml,10,1,0,3,0,4
29617577_64008338.xml,1,0,0,0,0,1
29592316_64006974.xml,5,0,0,1,4,1
29597445_64002703.xml,5,0,0,2,2,1
29619947_64024377.xml,4,0,0,1,0,3
29597934_64013655.xml,6,0,0,1,0,1
29603459_64010497.xml,4,0,0,2,0,1
29579355_64019066.xml,4,0,0,2,1,1
29610835_64006421.xml,8,0,0,2,0,1
29618909_64008443.xml,2,0,0,0,0,1
29619008_64001010.xml,0,0,0,0,0,0
29585532_64019375.xml,9,0,0,1,1,4
29616922_64008498.xml,2,0,0,1,0,1
29597665_64005015.xml,4,0,0,1,1,1
29597679_64015081.xml,21,6,1,4,1,1
29607946_64023354.xml,6,0,0,1,0,3
29612746_64006816.xml,9,0,1,4,3,5
29600580_64006247.xml,2,0,0,2,0,1
29603478_64008161.xml,3,0,0,1,1,1
29609212_64004698.xml,5,0,0,3,0,2
29584629_64013231.xml,3,0,0,0,0,1
29596546_64016874.xml,5,0,0,1,3,1
29600851_64017831.xml,1,0,0,2,3,1
29618448_64007879.xml,6,0,0,1,0,1
29572145_64014753.xml,4,0,0,0,5,3
29565513_64006166.xml,15,13,0,2,0,17
29583214_64008574.xml,10,0,0,0,0,2
29564769_64004711.xml,4,0,0,1,0,1
29576129_64003833.xml,9,0,0,2,3,5
29570875_63999926.xml,13,0,0,2,0,4
29618440_64005960.xml,4,0,0,0,0,1
29620048_64021227.xml,25,0,0,0,0,7
29606331_64016716.xml,3,0,0,1,0,1
29571823_64007400.xml,6,0,0,2,2,2
29597871_64015809.xml,4,0,0,1,0,2
29598854_64016645.xml,3,1,0,3,1,2
29619314_64006950.xml,2,0,0,2,0,3
29618431_64008923.xml,6,0,0,1,0,1
29610206_64022314.xml,4,0,0,2,1,1
29568300_64007850.xml,18,2,0,3,7,6
29617778_64016722.xml,4,0,0,0,0,1
29566853_64020022.xml,12,1,0,1,1,2
29617615_64007256.xml,3,0,0,2,0,1
29566417_64005142.xml,2,0,0,1,1,1
29570576_64003263.xml,3,0,0,2,0,1
29611535_64008743.xml,4,0,0,1,3,1
29571614_64002022.xml,10,1,0,1,12,3
29599512_64017415.xml,9,0,0,1,2,2
29563855_64006212.xml,7,0,0,1,0,1
29611369_64004138.xml,5,0,0,0,0,2
29566644_64004758.xml,5,1,0,1,0,2
29607310_64026050.xml,11,0,0,0,1,2
29610730_64013554.xml,4,0,0,2,1,1
29564026_64004975.xml,12,0,0,1,0,2
29619252_64007668.xml,5,0,0,1,0,1
29606005_64018392.xml,5,0,0,0,1,1
29605424_64020221.xml,3,0,0,2,0,1
29614212_64006347.xml,1,0,0,1,0,1
29583164_64008922.xml,4,0,0,0,0,1
29618962_64013226.xml,0,0,0,1,0,1
29571201_64011604.xml,4,0,0,2,0,1
29615931_64019869.xml,5,0,0,1,0,1
29600640_64010765.xml,8,0,0,2,3,2
29617852_64029146.xml,1,0,0,1,0,1
29612818_64012958.xml,23,11,0,0,0,11
29611352_64004175.xml,20,2,0,1,5,5
29618465_64005756.xml,9,0,0,1,0,1
29579062_64023824.xml,3,0,0,2,0,1
29571463_64002646.xml,5,0,0,1,6,4
29612141_64003824.xml,5,0,0,2,3,2
29578467_64008466.xml,6,0,0,1,0,1
29568743_64005196.xml,9,0,0,2,0,3
29566218_64012875.xml,11,0,0,1,6,3
29578191_64006455.xml,5,0,0,2,3,1
29564507_64035121.xml,11,3,0,1,5,8
29612975_64004821.xml,3,0,0,1,0,1
29610319_64026930.xml,5,0,0,2,0,2
29619309_64009969.xml,4,0,0,2,5,1
29612238_64006000.xml,4,0,0,1,0,2
29569816_64001778.xml,3,0,0,2,0,1
29580677_64021921.xml,68,17,5,0,10,37
29619727_64012221.xml,8,0,0,1,0,2
29576905_64009813.xml,6,0,0,2,5,1
29600758_64009917.xml,2,0,0,1,3,2
29606058_64008510.xml,2,1,0,1,0,5
29618437_64018842.xml,14,4,0,1,13,9
29592647_64011721.xml,2,0,0,0,0,1
29619844_64007572.xml,3,0,0,1,1,1
29578794_64007972.xml,7,0,0,1,2,1
29602859_64015894.xml,1,0,0,1,0,1
29575402_64005173.xml,2,0,0,1,0,2
29617935_64003628.xml,3,0,0,1,0,2
29587283_64013410.xml,11,0,0,1,0,2
29620011_64015297.xml,4,0,0,3,1,1
29581889_64015821.xml,5,0,0,1,0,2
29611354_64009534.xml,1,0,0,1,0,1
29617313_64007021.xml,7,0,0,2,2,2
29582676_64008238.xml,1,0,0,2,1,1
29619010_64006454.xml,6,0,0,2,5,2
29609506_64008675.xml,19,4,0,1,14,15
29618995_64006669.xml,2,0,0,2,0,1
29564683_64011050.xml,9,0,0,0,0,1
29617604_64016594.xml,0,0,0,0,0,0
29567655_64014257.xml,12,0,0,3,0,2
29609939_64019985.xml,11,0,0,3,0,9
29615595_64006824.xml,2,0,0,1,1,1
29564682_64003269.xml,10,1,0,1,3,2
29618917_64011821.xml,4,0,0,2,0,1
29617539_64016379.xml,6,0,0,1,3,1
29590028_64004194.xml,3,0,0,1,0,1
29618572_64011449.xml,2,0,0,0,0,1
29617621_64012867.xml,17,0,0,1,2,1
29610607_64003396.xml,7,1,0,4,2,4
29610305_64005202.xml,8,0,0,0,6,2
29585141_64009657.xml,22,0,0,2,37,18
29588373_64005976.xml,16,0,0,0,1,1
29568735_64012011.xml,4,0,0,2,5,2
29608356_64007648.xml,9,0,0,3,0,5
29616244_64003837.xml,5,0,0,1,0,1
29590380_64011126.xml,8,5,0,1,0,4
29588846_64006153.xml,5,0,0,0,3,1
29571774_64007631.xml,10,0,0,5,5,5
29594762_64017442.xml,3,0,0,1,0,1
29580630_64009505.xml,1,0,0,1,0,1
29600865_64022852.xml,7,0,0,2,0,4
29610768_64014707.xml,11,0,0,1,0,2
29570728_64019954.xml,7,0,0,1,1,1
29616757_64015575.xml,0,0,0,0,0,0
29618296_64011579.xml,0,0,0,1,0,1
29576640_64000621.xml,4,0,0,2,0,1
29612940_64020418.xml,10,0,0,1,2,2
29577386_64012688.xml,4,0,0,2,0,1
29592274_64008209.xml,3,0,0,0,0,1
29619256_64007298.xml,37,3,0,1,7,6
29565091_64003393.xml,8,0,0,3,0,2
29616732_64007821.xml,5,0,0,2,0,3
29575835_64023311.xml,4,0,0,2,3,1
29605934_64008936.xml,4,0,0,2,0,1
29614222_64005516.xml,12,1,4,1,10,5
29614019_64008347.xml,4,0,0,2,0,1
29606209_64014778.xml,46,10,1,1,0,17
29619004_64003891.xml,6,0,0,1,0,1
29615848_64011256.xml,5,0,0,1,3,1
29599766_64002111.xml,4,0,0,2,0,1
29619369_64009800.xml,9,0,0,0,15,2
29618468_64011206.xml,45,34,0,0,0,25
29601076_64001376.xml,10,0,0,3,1,4
29585780_64016111.xml,4,0,0,2,1,1
29618838_64012358.xml,8,0,0,0,0,6
29569448_64020753.xml,8,0,1,3,2,2
29619856_64010177.xml,3,0,0,2,0,1
29572176_64001823.xml,25,7,0,1,16,13
29586528_64036548.xml,4,0,0,2,1,1
29612161_64005920.xml,3,0,2,2,0,1
29569806_64020211.xml,7,0,0,2,10,1
29620070_64013234.xml,13,0,0,1,9,2
29601105_64005440.xml,3,0,0,2,0,1
29608362_64011823.xml,4,0,0,2,0,1
29569546_64010599.xml,6,2,0,1,2,1
29616735_64011121.xml,8,0,1,3,1,2
29615689_64009726.xml,5,0,0,0,0,1
29612445_64008286.xml,10,0,0,0,1,1
29594120_64009526.xml,13,1,0,1,0,5
29602875_64010196.xml,2,0,0,2,0,1
29576706_64015974.xml,1,0,0,0,0,1
29618635_64016771.xml,3,0,0,2,1,1
29571064_64002952.xml,11,3,0,2,1,1
29605232_64001562.xml,5,0,0,1,0,3
29579189_64000015.xml,5,0,0,1,0,2
29617790_64011071.xml,3,0,0,1,0,2
29612347_64023634.xml,3,0,0,2,0,1
29579566_64007099.xml,7,0,0,1,0,2
29595664_64012140.xml,10,0,0,1,11,2
29568429_64001904.xml,3,0,0,3,0,2
29607757_64013866.xml,1,0,0,1,1,1
29571748_64006744.xml,7,0,0,1,3,1
29616470_64008409.xml,4,0,0,2,0,1
29620115_64031297.xml,10,0,0,1,0,2
29603626_63997043.xml,4,0,0,2,0,1
29571230_64004172.xml,5,0,0,1,0,1
29620038_64027489.xml,2,0,0,0,0,2
29620408_64017260.xml,3,0,0,2,1,1
29612088_64015685.xml,11,1,0,1,6,4
29598812_64008739.xml,4,0,0,2,0,1
29566299_64015788.xml,3,0,0,0,0,1
29604442_64024197.xml,4,0,0,1,0,1
29610416_64013864.xml,2,0,0,2,3,1
29568875_64018137.xml,9,1,1,2,0,8
29568333_64004547.xml,5,0,0,2,0,1
29618099_64005297.xml,3,0,0,3,0,1
29617095_64023434.xml,6,0,0,2,7,1
29588802_64011402.xml,9,0,0,1,0,2
29618847_64016225.xml,3,0,0,2,0,1
29617384_64017077.xml,31,22,3,1,0,22
29616310_64003227.xml,10,0,0,1,25,1
29618405_64016713.xml,6,0,0,3,0,3
29601456_64001490.xml,7,1,0,2,0,2
29618037_64004585.xml,7,0,0,0,2,2
29609438_64005285.xml,48,8,7,3,16,17
29599371_64000573.xml,11,0,0,1,3,3
29612737_64014980.xml,4,0,0,1,0,1
29610096_64010151.xml,3,0,0,2,2,1
29613481_64019836.xml,2,0,0,2,0,1
29585859_64016726.xml,2,0,0,2,1,1
29580805_64020552.xml,3,0,0,1,0,1
29600604_64020852.xml,9,4,4,0,2,5
29615678_64006323.xml,6,0,0,1,1,2
29617332_64002402.xml,2,0,0,2,1,1
29597248_64005372.xml,9,0,0,2,1,3
29609949_64006676.xml,4,0,0,1,0,1
29569036_64009684.xml,7,0,0,3,2,6
29588530_64023190.xml,12,0,0,1,0,1
29599924_64022600.xml,5,0,0,2,0,2
29590683_64021938.xml,1,0,0,1,0,1
29598629_64011553.xml,4,1,0,1,1,2
29564514_64005566.xml,8,0,0,2,0,2
29586405_64006386.xml,6,0,0,0,2,2
29568536_64006986.xml,1,0,0,1,1,1
29589817_64012810.xml,4,0,0,0,0,1
29617914_64007288.xml,1,0,0,1,1,1
29610721_64016548.xml,3,0,0,2,0,1
29606199_64011626.xml,4,0,0,2,0,1
29599978_64008284.xml,18,0,2,2,0,9
29615079_64020521.xml,3,0,0,2,0,2
29573163_64024597.xml,2,0,0,3,0,1
29615536_64020263.xml,6,1,0,2,1,2
29591892_64006645.xml,15,9,0,0,0,7
29578535_64002181.xml,33,48,0,0,8,1
29620396_64026728.xml,4,0,0,2,1,1
29614577_64017902.xml,2,0,0,2,1,1
29605271_64009054.xml,0,0,0,0,1,0
29580132_64001991.xml,3,0,0,2,6,1
29615256_64005820.xml,21,14,0,0,0,18
29612984_64010349.xml,5,0,1,1,1,1
29618457_64014927.xml,3,0,0,2,0,1
29594828_64023996.xml,9,0,0,3,1,2
29579523_64005654.xml,3,0,0,2,1,1
29563669_64005172.xml,3,0,0,2,0,1
29566132_64005112.xml,10,0,0,2,9,2
29605666_64033832.xml,2,0,0,2,3,1
29617586_64014617.xml,6,0,0,1,1,1
29598631_64005151.xml,4,0,0,2,0,1
29607503_64009486.xml,3,0,0,2,0,1
29588001_64014404.xml,3,1,0,1,0,1
29618596_64021298.xml,2,0,0,1,0,1
29607443_64004819.xml,31,4,0,5,20,15
29563530_64016118.xml,6,0,0,0,0,2
29604315_64004102.xml,6,0,0,1,0,1
29597680_64021114.xml,10,0,0,3,0,3
29566402_64006902.xml,13,1,0,1,1,4
29581541_64011792.xml,4,0,0,1,0,1
29598605_64008478.xml,4,0,0,2,0,1
29601568_64002255.xml,3,0,0,1,1,1
29619151_64016267.xml,2,0,0,2,0,1
29616115_64006651.xml,3,0,0,1,0,1
29615787_64020530.xml,3,0,0,2,0,1
29619194_64010660.xml,9,1,0,2,1,2
29588355_64013871.xml,4,0,1,1,6,1
29572354_64009562.xml,3,0,0,0,2,1
29619910_64013907.xml,3,0,0,1,0,1
29616371_64012318.xml,4,0,0,3,0,1
29608712_64007439.xml,4,0,0,1,5,1
29593940_64011166.xml,4,0,0,1,0,1
29602452_64002666.xml,10,1,0,1,0,2
29619793_64008160.xml,6,0,0,1,0,1
29610752_64020961.xml,10,0,0,1,0,2
29618931_64005473.xml,1,0,0,2,1,1
29609901_64014434.xml,6,0,0,2,0,2
29603558_64011542.xml,7,0,0,2,1,2
29584494_64005750.xml,3,0,0,1,4,1
29611851_64010567.xml,9,3,0,7,1,13
29598071_63996519.xml,3,0,0,2,0,1
29618486_64000728.xml,5,0,0,1,1,1
29616048_64011796.xml,3,0,0,1,0,1
29620162_64012101.xml,4,0,0,1,0,1
29588562_64009218.xml,2,0,0,2,1,1
29587456_64004904.xml,8,0,0,0,1,3
29619922_64011703.xml,4,0,0,0,3,1
29603712_64014774.xml,4,0,0,1,8,3
29595141_64017776.xml,11,2,0,1,0,5
29613577_64022628.xml,1,0,0,1,6,1
29616944_64001682.xml,4,0,0,2,1,1
29571531_64004373.xml,4,0,0,1,0,1
29563713_64008804.xml,1,0,0,2,0,1
29577831_64008570.xml,16,1,0,5,0,7
29609504_64012614.xml,9,1,0,2,5,4
29581575_64008037.xml,0,0,0,0,0,0
29600187_64000048.xml,7,4,0,1,25,6
29615799_64010657.xml,11,0,0,1,11,2
29617070_64014631.xml,11,1,0,1,1,2
29616552_64008142.xml,2,0,0,3,1,1
29586660_64007565.xml,4,0,0,1,0,2
29618746_64007100.xml,4,0,0,2,0,1
29613216_64005851.xml,6,0,0,2,0,1
29619245_64013394.xml,6,0,0,0,6,1
29618620_64004789.xml,23,12,0,0,0,10
29589172_64008482.xml,3,0,0,2,0,2
29604456_64007564.xml,6,0,0,2,0,3
29619732_64006909.xml,1,0,0,2,0,1
29613798_64004447.xml,7,0,0,0,8,1
29565053_64000382.xml,6,0,0,1,2,2
29590310_64018793.xml,3,0,0,0,7,1
29574773_64007958.xml,7,0,0,1,3,5
29593858_64010586.xml,15,1,0,3,2,2
29567428_64004499.xml,2,0,0,1,0,1
29587611_64027771.xml,8,6,0,0,7,5
29620155_64004405.xml,5,0,0,0,0,2
29612723_64000498.xml,2,0,0,1,1,1
29610961_64021654.xml,5,0,0,1,0,1
29572237_64002018.xml,3,0,0,2,1,1
29601445_64019195.xml,4,0,0,1,0,3
29578246_64003257.xml,7,1,0,1,1,2
29572666_64014773.xml,4,0,0,2,0,1
29603266_64009573.xml,19,0,0,7,2,9
29619081_64005251.xml,5,0,0,2,0,2
29618065_63998629.xml,2,0,0,2,0,2
29588983_64014329.xml,7,0,0,1,3,4
29613303_64009302.xml,3,0,0,2,0,1
29619912_64004685.xml,3,0,0,1,2,1
29616157_64006464.xml,4,0,0,1,0,2
29592403_64014371.xml,171,3,8,19,0,27
29613987_64028683.xml,16,1,0,2,0,4
29564280_64007081.xml,8,0,0,1,0,2
29612107_64008017.xml,19,0,0,3,0,4
29616975_64002767.xml,1,0,0,1,0,1
29587760_64013174.xml,5,0,0,1,0,1
29578251_64006453.xml,9,0,0,4,0,4
29609982_64015398.xml,5,0,0,1,0,1
29613360_64016340.xml,7,0,1,2,0,2
29587673_64010284.xml,2,0,0,0,0,1
29618752_64005672.xml,6,0,0,1,0,2
29578383_64007041.xml,5,0,0,7,0,3
29615045_64010734.xml,5,3,0,0,8,4
29616542_64015532.xml,16,0,0,5,0,6
29587375_64011477.xml,10,0,1,2,0,5
29619931_64005203.xml,3,0,0,0,0,1
29573492_64004071.xml,8,0,0,1,5,1
29616036_64020279.xml,1,0,0,1,0,1
29616238_64013484.xml,6,0,0,1,3,2
29609322_64009957.xml,3,0,0,1,0,2
29582589_64008119.xml,6,0,0,6,1,8
29611331_64002874.xml,19,27,0,3,0,22
29614965_64015009.xml,6,0,0,1,1,1
29617932_64021084.xml,4,0,0,2,0,1
29569385_64012504.xml,4,0,0,2,1,2
29563525_64004485.xml,9,1,0,1,0,3
29587981_64014939.xml,2,0,0,2,0,2
29612292_64023102.xml,3,0,0,2,0,1
29588865_64012844.xml,9,0,0,1,3,2
29620004_64015314.xml,1,0,0,1,2,1
29614265_64004601.xml,8,0,0,1,0,3
29595607_64030709.xml,2,0,0,1,5,1
29610898_64016013.xml,4,0,0,2,8,2
29573240_64009477.xml,1,0,0,0,0,1
29569172_64003572.xml,11,0,0,3,5,5
29608298_64000470.xml,12,0,0,0,0,1
29618878_64016463.xml,7,0,0,2,1,2
29569130_64008830.xml,1,0,0,1,0,1
29570461_64004337.xml,33,13,2,2,3,21
29598011_64008047.xml,6,0,0,3,6,2
29581113_64020702.xml,0,0,0,0,0,0
29617378_64005913.xml,9,0,0,0,0,1
29578212_64009540.xml,7,1,1,3,0,3
29569200_63997206.xml,1,0,0,1,0,1
29618991_64008650.xml,3,0,0,1,3,1
29596536_64017768.xml,10,0,0,1,1,5
29601751_64005726.xml,9,4,0,10,2,7
29563380_64002893.xml,5,1,0,1,0,2
29615443_64024192.xml,4,1,0,1,1,2
29610064_64021715.xml,2,0,0,2,1,1
29618792_64021019.xml,8,0,0,0,0,1
29570511_64007010.xml,15,0,0,7,0,1
29595890_64006383.xml,7,0,0,1,8,1
29612564_64001872.xml,9,3,0,1,0,8
29618889_64007515.xml,2,0,0,1,0,1
29602569_64019180.xml,1,0,0,2,11,1
29618498_64030065.xml,7,0,0,0,0,1
29588241_64012821.xml,11,12,0,0,2,3
29607574_64007697.xml,6,1,0,1,0,2
29583611_64017960.xml,6,1,0,1,0,2
29617467_64011644.xml,1,0,0,1,0,1
29580134_64012090.xml,8,0,0,2,8,2
29613532_64009847.xml,6,0,0,2,1,2
29614845_64002037.xml,13,2,0,2,3,8
29604722_64016612.xml,5,0,1,3,0,2
29578859_64004670.xml,10,0,0,1,3,1
29590810_64011304.xml,2,0,0,0,0,1
29580384_64013154.xml,7,0,0,2,1,2
29616860_64007816.xml,3,0,0,1,0,1
29618336_64003498.xml,8,0,0,0,1,4
29618925_64013563.xml,7,15,0,1,0,1
29617888_64007991.xml,2,0,0,0,1,1
29603696_64014995.xml,3,0,0,1,1,2
29581193_64014889.xml,6,1,0,2,1,2
29619277_64018912.xml,4,0,0,2,0,1
29596056_64006043.xml,1,0,0,1,0,1
29618481_64003091.xml,10,0,0,2,18,2
29618526_63997710.xml,4,0,0,1,8,1
29567520_64007832.xml,7,0,0,1,5,3
29600518_64004220.xml,6,2,0,0,38,7
29597262_63999349.xml,10,2,0,1,0,3
29617408_64004112.xml,2,0,0,1,0,1
29608818_64018858.xml,8,0,0,1,0,2
29565911_64016955.xml,4,0,0,1,0,2
29564628_64006746.xml,9,0,0,2,0,3
29610017_64012607.xml,2,0,0,0,0,2
29565531_64012153.xml,2,0,0,2,1,2
29619752_64005659.xml,4,0,0,3,1,1
29571070_64000305.xml,13,0,0,1,3,2
29566707_64024371.xml,4,0,0,1,0,1
29600459_64025777.xml,8,0,0,1,0,3
29618420_64019877.xml,21,0,1,3,0,6
29579549_64010902.xml,0,0,0,1,5,0
29618358_64003075.xml,9,0,0,2,0,2
29598454_64007368.xml,4,2,0,2,1,3
29600508_64029960.xml,5,0,0,3,1,2
29585174_64007971.xml,3,0,0,2,0,1
29569425_64020173.xml,10,0,0,3,0,3
29579536_64012759.xml,6,2,0,2,0,2
29617004_64003084.xml,22,27,0,0,0,3
29582959_64012938.xml,5,0,0,3,1,1
29564920_64009998.xml,2,0,0,1,0,1
29563714_64008914.xml,3,0,0,1,0,1
29613478_64007463.xml,4,0,0,0,0,3
29567088_64014945.xml,3,0,0,2,1,1
29581205_64009564.xml,8,0,0,1,0,3
29577242_64013003.xml,2,0,0,1,0,1
29610513_64021470.xml,8,0,0,0,1,2
29611539_64012064.xml,6,0,0,1,6,2
29619733_64036062.xml,10,0,0,1,1,4
29615081_64010656.xml,32,7,3,5,3,9
29576324_64009221.xml,2,0,0,1,1,1
29577990_64022158.xml,16,2,0,9,16,14
29615311_64014791.xml,4,0,0,1,0,1
29598421_64008938.xml,3,0,0,1,0,1
29600148_64013451.xml,6,0,0,2,1,2
29563253_64012860.xml,8,0,0,1,15,3
29563126_64006673.xml,6,0,0,1,0,2
29597205_64017995.xml,9,0,4,1,2,4
29564885_64008817.xml,7,0,0,3,1,4
29585795_64005244.xml,9,2,0,1,0,5
29613880_64010547.xml,2,0,0,2,1,1
29618236_64020182.xml,3,0,0,0,0,2
29618760_64016501.xml,18,20,1,1,10,13
29606316_64002275.xml,5,0,0,0,0,1
29600414_64017615.xml,3,0,0,2,0,1
29619035_64013594.xml,3,0,0,2,0,1
29589673_64009919.xml,4,0,0,1,0,1
29575384_64005613.xml,6,0,0,1,8,2
29617700_64006268.xml,2,0,0,0,0,1
29599184_64002890.xml,8,0,0,0,0,2
29598375_64007172.xml,10,1,0,2,0,2
29619177_64011214.xml,1,0,0,1,0,1
29619374_64009780.xml,3,0,0,0,0,1
29580747_64023975.xml,7,0,0,1,0,2
29618096_64011837.xml,8,0,0,1,6,1
29619141_64008425.xml,1,0,0,0,5,1
29614966_64004035.xml,4,0,0,1,0,1
29606103_64001902.xml,13,5,0,2,4,7
29618167_64007582.xml,7,1,0,2,0,2
29619409_64010514.xml,7,0,0,1,1,2
29618189_64015574.xml,3,0,0,1,1,2
29566597_64009409.xml,7,0,0,2,0,4
29616482_64002485.xml,7,2,1,2,0,4
29581838_64019189.xml,11,0,0,2,8,3
29573251_64003692.xml,1,0,0,1,0,2
29591572_64009073.xml,9,0,0,0,0,1
29584295_64009118.xml,3,0,0,2,0,1
29581809_64000551.xml,13,0,0,3,0,8
29605964_64001958.xml,6,1,0,2,0,2
29618026_64011692.xml,6,0,0,1,0,1
29587426_64006195.xml,1,0,0,0,1,1
29592528_64023258.xml,12,1,0,1,0,7
29608638_64022506.xml,3,0,0,1,0,1
29578897_64005252.xml,2,0,0,2,3,1
29618575_64004202.xml,2,0,0,1,0,2
29613108_64007819.xml,8,0,0,1,0,2
29618211_64002504.xml,8,3,0,2,3,4
29582274_64012128.xml,3,0,0,1,0,1
29575597_64010793.xml,6,0,0,1,1,2
29610219_64002351.xml,12,0,0,2,5,5
29614489_64002611.xml,4,0,0,2,0,1
29616854_63998373.xml,2,0,0,2,9,1
29590833_64009883.xml,6,0,0,1,0,1
29590566_64014256.xml,3,0,1,2,0,4
29566313_64004946.xml,16,0,0,2,11,6
29618150_64010617.xml,2,0,1,1,8,1
29604625_64019030.xml,9,0,0,0,4,3
29613618_64005019.xml,3,0,0,2,0,1
29612341_64007322.xml,5,0,0,3,0,1
29616233_64017989.xml,38,0,0,1,38,10
29618114_64006493.xml,4,0,0,1,0,1
29616272_64013519.xml,25,21,0,2,0,7
29570611_64003113.xml,11,0,0,2,2,4
29617590_64017764.xml,2,0,0,2,0,1
29590107_64009096.xml,12,0,0,1,0,2
29609408_64010148.xml,4,0,0,2,0,1
29588931_64005026.xml,4,8,0,1,0,5
29617683_64017890.xml,3,0,0,1,1,1
29606019_64024244.xml,11,0,0,1,0,4
29597921_64012124.xml,9,0,0,2,0,2
29589456_64003702.xml,11,4,0,0,0,4
29578176_64021785.xml,9,1,0,1,0,2
29614465_64016919.xml,5,0,0,1,4,2
29586432_64010965.xml,4,0,0,3,1,2
29580213_64006228.xml,6,0,0,1,3,1
29577140_64008868.xml,2,0,0,1,1,1
29586706_64014239.xml,2,0,0,1,0,1
29618187_64010502.xml,3,0,0,2,0,1
29612991_64015911.xml,6,0,0,0,0,1
29617820_64009609.xml,4,0,0,2,0,1
29618975_64009196.xml,9,0,0,2,1,2
29578914_64008139.xml,9,0,0,1,0,2
29582486_64015034.xml,10,2,0,1,1,8
29612876_64007220.xml,3,0,0,0,3,2
29616000_64016811.xml,1,0,0,1,0,1
29614857_64018635.xml,13,0,0,7,3,6
29618502_64006170.xml,2,0,0,2,1,2
29608936_64020423.xml,8,0,0,1,2,3
29582757_64000765.xml,6,0,0,3,0,2
29599216_64004743.xml,5,0,0,1,6,2
29600973_64023254.xml,20,0,0,0,0,5
29618680_64004014.xml,5,0,0,0,0,2
29604949_64004964.xml,4,0,0,1,0,1
29566733_64010430.xml,6,0,0,0,13,1
29598306_64011889.xml,10,18,0,1,0,1
29619736_64005852.xml,5,2,0,1,0,3
29569593_64026977.xml,20,2,4,3,1,8
29573183_64008121.xml,6,0,0,1,2,1
29617751_64011484.xml,16,0,0,2,9,7
29617829_64001996.xml,2,0,0,1,0,1
29614235_64009202.xml,11,6,0,1,3,6
29618727_64012239.xml,11,0,0,1,1,3
29587899_64022325.xml,12,1,0,2,2,3
29619875_63999517.xml,3,0,0,1,0,1
29605874_64007249.xml,3,0,0,1,5,1
29579962_64016173.xml,9,0,0,1,0,1
29615248_64006719.xml,5,0,0,1,0,1
29611854_64008146.xml,15,8,0,4,3,10
29614656_64009301.xml,0,0,0,1,0,1
29565085_63998895.xml,8,1,1,0,0,8
29617710_64021971.xml,20,16,4,1,3,13
29598960_64005459.xml,4,0,0,2,1,1
29604865_64000588.xml,13,1,0,2,5,4
29596286_64005010.xml,16,5,0,1,0,11
29617065_64013049.xml,4,0,0,2,1,2
29612623_64007019.xml,6,2,0,0,4,4
29613936_64030412.xml,12,2,0,2,0,7
29600654_64004032.xml,4,0,0,2,1,1
29566751_64002811.xml,10,0,0,1,2,2
29570187_64007128.xml,18,0,0,3,0,6
29584053_64012120.xml,18,0,0,2,4,1
29606043_64020675.xml,7,0,0,0,0,1
29611267_64010372.xml,5,0,0,2,0,2
29570341_64015939.xml,7,0,0,2,2,1
29617957_64011335.xml,1,0,0,1,0,1
29618839_64018825.xml,4,0,0,2,0,1
29620194_64008424.xml,8,0,0,1,4,1
29616693_64007637.xml,0,0,0,1,2,3
29619811_64017127.xml,2,0,0,1,0,1
29567196_63999798.xml,12,2,0,3,1,6
29618031_64013312.xml,4,0,0,3,0,3
29619741_64019675.xml,12,0,0,2,0,3
29617643_64011090.xml,3,0,0,1,0,1
29616962_64010332.xml,4,0,0,2,0,1
29603144_64006533.xml,2,0,0,1,0,1
29566750_64005610.xml,2,0,0,2,1,1
29612608_64007847.xml,4,0,0,1,1,1
29618489_64015307.xml,10,1,0,0,0,4
29598100_64022984.xml,2,0,0,1,1,2
29613405_64008641.xml,14,4,0,0,0,13
29610773_64004713.xml,6,0,0,0,0,2
29563152_64007820.xml,13,0,0,1,23,4
29613780_64003930.xml,1,0,0,1,0,1
29613189_64009291.xml,4,0,0,2,4,1
29587748_64023062.xml,1,0,0,1,0,1
29578318_64015550.xml,12,1,0,2,0,2
29618334_64007240.xml,4,0,0,2,0,1
29583049_64031231.xml,19,1,0,0,0,2
29613614_64010063.xml,9,0,0,4,11,5
29610917_64015430.xml,4,0,0,3,0,1
29615000_64018649.xml,6,0,0,3,0,1
29610545_64010931.xml,3,0,0,2,0,1
29567338_64024335.xml,8,0,0,3,0,5
29611862_64012862.xml,34,11,0,2,9,22
29570332_64001201.xml,4,0,0,2,0,1
29619778_64008512.xml,1,0,0,1,0,1
29613473_64002966.xml,7,1,0,1,0,2
29619323_64012801.xml,3,0,0,2,0,1
29616717_64013344.xml,19,2,0,2,27,13
29582931_64003700.xml,5,0,0,1,2,3
29572012_64008287.xml,4,0,0,0,0,3
29618593_64008701.xml,5,0,0,1,20,1
29578416_64007448.xml,7,0,0,1,0,2
29619414_64020137.xml,4,0,0,1,1,1
29564650_64005583.xml,8,0,0,1,0,2
29598467_64003648.xml,9,7,0,0,0,8
29619074_64011222.xml,10,0,0,1,0,2
29618063_64012191.xml,38,3,1,7,10,2
29615561_64005472.xml,43,24,1,0,0,1
29566857_64002962.xml,9,0,0,1,0,1
29602463_64011132.xml,4,0,0,2,1,1
29614847_64017457.xml,3,0,0,2,0,1
29583467_64008852.xml,6,0,0,2,0,2
29619798_64017870.xml,3,0,0,2,0,1
29613336_64030099.xml,9,0,0,1,0,2
29615576_64003540.xml,1,0,0,1,0,1
29605469_64011597.xml,12,0,0,3,0,6
29594823_64014131.xml,11,1,0,1,0,3
29617538_64005792.xml,8,1,0,2,1,2
29581650_64011373.xml,21,0,0,0,3,3
29572880_64022359.xml,41,4,0,1,0,9
29618432_64019523.xml,2,0,0,1,0,1
29617983_64021063.xml,1,0,0,1,0,1
29609006_64013688.xml,3,0,0,3,1,2
29618419_64003909.xml,1,0,0,0,12,1
29618374_64012473.xml,5,0,0,1,1,1
29588819_64013369.xml,1,0,0,1,0,1
29607477_64010186.xml,2,0,0,1,19,1
29620318_64010955.xml,3,2,0,0,1,1
29616686_64009208.xml,13,1,0,2,0,4
29593205_64010264.xml,7,1,0,1,1,2
29619901_64018751.xml,4,0,0,1,0,2
29619843_64021737.xml,5,0,0,2,0,1
29588645_64013274.xml,4,0,0,1,1,1
29568910_64017920.xml,3,0,0,1,0,1
29595891_64012594.xml,7,0,0,1,0,2
29619968_64000386.xml,6,0,0,2,0,1
29618873_64015790.xml,6,0,0,1,0,5
29594083_64011211.xml,9,0,0,0,2,2
29579144_64003968.xml,4,0,0,1,0,2
